﻿<?xml version="1.0" encoding="utf-8"?>
<application xmlns="http://ns.adobe.com/air/application/14.0">
  <id>Live2DViewer</id>
  <!-- 
  
  2014/12/17 2.1.0 2.1 リリース ライセンス更新
  2014/11/20 2.0.17 2.0_8 社内
  2014/11/20 2.0.16 2.0_8 社内
  2014/11/20 2.0.15 2.0_8 社内
	More options:
	http://livedocs.adobe.com/flex/3/html/File_formats_1.html#1043413
	-->
  <versionNumber>2.1.0</versionNumber>
  <versionLabel>2.1.0</versionLabel>
  <filename>Live2D Viewer</filename>
  <name>Live2D Viewer</name>
  <initialWindow>
    <title>Live2D Viewer</title>
    <content>live2dviewer.swf</content>
    <systemChrome>standard</systemChrome>
    <transparent>false</transparent>
    <visible>true</visible>
    <minimizable>true</minimizable>
    <maximizable>false</maximizable>
    <resizable>true</resizable>
    <renderMode>direct</renderMode>
  </initialWindow>
  <!-- 
	More options:
	http://livedocs.adobe.com/flex/3/html/File_formats_1.html#1043413
	-->
  <copyright>Live2D Inc.</copyright>
  <description>Live2D model viewer.</description>
  <!-- 何も表示されなくなる-->
  <supportedProfiles>extendedDesktop desktop</supportedProfiles>
  <fileTypes>
    <fileType>
      <name>Live2DByteModel</name>
      <extension>moc</extension>
      <description>Live2D model data</description>
      <contentType>bytes</contentType>
    </fileType>
    <fileType>
      <name>Live2DPartsData</name>
      <extension>bkparts</extension>
      <description>Live2D parts data</description>
      <contentType>bytes</contentType>
    </fileType>
	<!--<fileType>
      <name>Live2DViewerProject</name>
      <extension>ldvproj</extension>
      <description>Live2D viewer project</description>
      <contentType>bytes</contentType>
    </fileType>-->
  </fileTypes>
</application>